date,forecast_arrivals,forecast_lower,forecast_upper,actual_arrivals
2019-01-01,209383,147596,267586,244239.0
2019-02-01,206618,148942,264480,252033.0
2019-03-01,192957,137922,250905,244328.0
2019-04-01,80602,19301,136347,166975.0
2019-05-01,11963,0,69415,37802.0
2019-06-01,32596,0,91225,63072.0
2019-07-01,32925,0,92321,115701.0
2019-08-01,42783,0,103289,143587.0
2019-09-01,22817,0,82785,108575.0
2019-10-01,29715,0,91025,118743.0
2019-11-01,72087,9922,130521,176984.0
2019-12-01,129097,67508,185335,241663.0
2020-01-01,201420,140941,261445,228434.0
2020-02-01,192277,132441,249507,207507.0
2020-03-01,181740,126144,237359,71370.0
2020-04-01,28732,0,87564,0.0
2020-05-01,30752,0,90849,0.0
2020-06-01,26913,0,87126,0.0
2020-07-01,48963,0,104084,0.0
2020-08-01,49209,0,108473,0.0
2020-09-01,26632,0,85120,0.0
2020-10-01,36246,0,98688,0.0
2020-11-01,53307,0,117868,0.0
2020-12-01,92617,34458,148795,0.0
2021-01-01,113887,55969,169883,1682.0
2021-02-01,125451,70689,187920,3366.0
2021-03-01,70522,12874,134196,4581.0
2021-04-01,46569,0,105468,4168.0
2021-05-01,24928,0,84608,1497.0
2021-06-01,29178,0,85843,1614.0
2021-07-01,44061,0,99816,2429.0
2021-08-01,47434,0,104911,5040.0
2021-09-01,25500,0,83313,13547.0
2021-10-01,34186,0,90226,22771.0
2021-11-01,59979,3404,122880,44294.0
2021-12-01,106125,48191,162822,89506.0
2022-01-01,105993,50465,163391,82327.0
2022-02-01,110097,49863,167637,96507.0
2022-03-01,75256,15440,132002,106500.0
2022-04-01,64616,8715,121780,62980.0
2022-05-01,18777,0,80312,30207.0
2022-06-01,31376,0,86856,32856.0
2022-07-01,39019,0,99101,47293.0
2022-08-01,45687,0,105350,37760.0
2022-09-01,24439,0,83954,29802.0
2022-10-01,32283,0,91682,42026.0
2022-11-01,66910,5530,123493,59759.0
2022-12-01,119487,62199,181881,91961.0
2023-01-01,97532,40219,156493,102545.0
2023-02-01,94619,35092,156572,107639.0
2023-03-01,80512,26040,141518,125495.0
2023-04-01,82850,20486,137058,105498.0
2023-05-01,12296,0,71466,83309.0
2023-06-01,33505,0,95640,100388.0
2023-07-01,151941,94126,210054,143039.0
2023-08-01,162141,104017,220487,136405.0
2023-09-01,141687,81712,203971,111938.0
2023-10-01,148842,88719,208741,109199.0
2023-11-01,192459,135621,250243,151496.0
2023-12-01,251116,190679,308186,210352.0
2024-01-01,207011,148206,268072,208253.0
2024-02-01,197611,142150,255412,218350.0
2024-03-01,186779,126807,246536,209181.0
2024-04-01,148230,94185,207461,105498.0
2024-05-01,150371,95417,211259,112128.0
2024-06-01,146493,83654,203146,113470.0
2024-07-01,169218,112374,225688,143039.0
2024-08-01,169538,108092,223846,164609.0
2024-09-01,146404,86105,202034,111938.0
2024-10-01,156349,95168,216239,135907.0
2024-11-01,173949,115836,232321,184158.0
2024-12-01,214408,162161,274792,248592.0
2025-01-01,236330,180068,297564,252761.0
2025-02-01,248279,189674,310283,240217.0
2025-03-01,191897,130349,254226,229298.0
2025-04-01,167352,106228,229069,174608.0
2025-05-01,145180,83847,203733,129564.0
2025-06-01,149615,93091,205842,138241.0
2025-07-01,164972,105013,221793,199833.0
2025-08-01,168505,109592,228769,198235.0
2025-09-01,146036,87173,203588,158971.0
2025-10-01,155025,91760,209191,165193.0
2025-11-01,181593,122622,247264,184158.0
2025-12-01,229068,169397,288300,258928.0
2026-01-01,228998,170043,286666,277327.0
2026-02-01,233281,174645,290413,279328.0
2026-03-01,197546,140337,254659,183979.0
2026-04-01,186683,125980,245379,
2026-05-01,139656,76442,199096,
2026-06-01,152667,97330,209701,
2026-07-01,160584,101967,218212,
2026-08-01,167501,109727,226964,
2026-09-01,145741,84231,205574,
2026-10-01,153864,93507,213872,
2026-11-01,189501,133878,249020,
2026-12-01,243573,186407,303984,
2027-01-01,221087,164435,281313,
2027-02-01,218161,160451,276176,
2027-03-01,203731,144797,263555,
