year,month,total_arrivals,source_file,matched_pattern
2019,1,244239,jan 19.pdf,narrative_0
2019,2,252033,feb 19.pdf,narrative_0
2019,3,244328,mar 19.pdf,narrative_0
2019,4,166975,Apr 19.pdf,narrative_0
2019,5,37802,May 19.pdf,narrative_0
2019,6,63072,Jun 19.pdf,narrative_0
2019,7,115701,jul 19.pdf,narrative_0
2019,8,143587,Aug 19.pdf,narrative_0
2019,9,108575,Sep 19.pdf,narrative_0
2019,10,118743,Oct 19.pdf,narrative_0
2019,11,176984,Nov 19.pdf,narrative_0
2019,12,241663,Dec 19.pdf,narrative_0
2020,1,228434,Jan 2020.pdf,narrative_0
2020,2,207507,Feb 2020.pdf,narrative_0
2020,3,71370,manual_entry,manual
2021,1,1682,Jan 2021.pdf,narrative_0
2021,2,3366,Feb 2021.pdf,narrative_0
2021,3,4581,Mar 2021.pdf,narrative_0
2021,4,4168,Apr 2021.pdf,narrative_0
2021,5,1497,May 2021.pdf,narrative_0
2021,6,1614,Jun 2021.pdf,narrative_0
2021,7,2429,Jul 2021.pdf,narrative_0
2021,8,5040,Aug 2021.pdf,table1_row
2021,9,13547,Sep 2021.pdf,table1_row
2021,10,22771,Oct 2021.pdf,table1_row
2021,11,44294,Nov 2021.pdf,table1_row
2021,12,89506,Dec 2021.pdf,table1_row
2022,1,82327,Jan 2022.pdf,table1_row
2022,2,96507,Feb 2022.pdf,table1_row
2022,3,106500,Mar 2022.pdf,table1_row
2022,4,62980,Apr 2022.pdf,table1_row
2022,5,30207,May 2022.pdf,table1_row
2022,6,32856,Jun 2022.pdf,table1_row
2022,7,47293,Jul 2022.pdf,table1_row
2022,8,37760,Aug 2022.pdf,table1_row
2022,9,29802,Sep 2022.pdf,table1_row
2022,10,42026,Oct 2022.pdf,table1_row
2022,11,59759,Nov 2022.pdf,table1_row
2022,12,91961,Dec 2022.pdf,table1_row
2023,1,102545,Jan 2023.pdf,table1_row
2023,2,107639,Feb 2023.pdf,table1_row
2023,3,125495,Mar 2023.pdf,table1_row
2023,4,105498,Apr 2023.pdf,table1_row
2023,5,83309,May 2023.pdf,table1_row
2023,6,100388,Jun 2023.pdf,table1_row
2023,7,143039,Jul 2023.pdf,table1_row
2023,8,136405,Aug 2023.pdf,table1_row
2023,9,111938,Sep 2023.pdf,table1_row
2023,10,109199,Oct 2023.pdf,table1_row
2023,11,151496,Nov 2023.pdf,table1_row
2023,12,210352,Dec 2023.pdf,table1_row
2024,1,208253,Jan 2024.pdf,table1_row
2024,2,218350,Feb 2024.pdf,table1_row
2024,3,209181,Mar 2024.pdf,table1_row
2024,4,105498,Apr 2024.pdf,table1_row
2024,5,112128,May 2024.pdf,table1_row
2024,6,113470,Jun 2024.pdf,table1_row
2024,7,143039,Jul 2024.pdf,table1_row
2024,8,164609,Aug 2024.pdf,table1_row
2024,9,111938,Sep 2024.pdf,table1_row
2024,10,135907,Oct 2024.pdf,table1_row
2024,11,184158,Nov 2024.pdf,table1_row
2024,12,248592,Dec 2024.pdf,table1_row
2025,1,252761,Jan 2025.pdf,table1_row
2025,2,240217,Feb 2025.pdf,table1_row
2025,3,229298,Mar 2025.pdf,table1_row
2025,4,174608,Apr 2025.pdf,table1_row
2025,5,129564,manual_entry,manual
2025,6,138241,Jun 2025.pdf,table1_row
2025,7,199833,manual_entry,manual
2025,8,198235,Aug 2025.pdf,table1_row
2025,9,158971,Sep 2025.pdf,manual_correction
2025,10,165193,Oct 2025.pdf,table1_row
2025,11,184158,Nov 2025.pdf,table1_row
2025,12,258928,Dec 2025.pdf,table1_row
2026,1,277327,Jan 2026.pdf,table1_row
2026,2,279328,Feb 2026.pdf,table1_row
2026,3,183979,Mar 2026.pdf,table1_row
