file,parsed_year,parsed_month,reason
extracted/research/sltda monthly 19-25/2020/Apr 2020.pdf,2020,4,no pattern matched
extracted/research/sltda monthly 19-25/2020/Aug 2020.pdf,2020,8,no pattern matched
extracted/research/sltda monthly 19-25/2020/Dec 2020.pdf,2020,12,no pattern matched
extracted/research/sltda monthly 19-25/2020/Jul 2020.pdf,2020,7,no pattern matched
extracted/research/sltda monthly 19-25/2020/Jun 2020.pdf,2020,6,no pattern matched
extracted/research/sltda monthly 19-25/2020/Mar 2020.pdf,2020,3,no pattern matched
extracted/research/sltda monthly 19-25/2020/May 2020.pdf,2020,5,no pattern matched
extracted/research/sltda monthly 19-25/2020/Nov 2020.pdf,2020,11,no pattern matched
extracted/research/sltda monthly 19-25/2020/Oct 2020.pdf,2020,10,no pattern matched
extracted/research/sltda monthly 19-25/2020/Sep 2020.pdf,2020,9,no pattern matched
extracted/research/sltda monthly 19-25/2025/Jul 2025.pdf,2025,7,no pattern matched
extracted/research/sltda monthly 19-25/2025/May 2025.pdf,2025,5,no pattern matched
