year,gdp_growth_pct,inflation_pct,tourism_receipts_usd,population_total
2015,4.205955475016012,3.768367830620964,3978000000.0,20970000.0
2016,5.053624889930887,3.958888465930697,4591000000.0,21209000.0
2017,6.460681270809943,7.704137678506017,5083000000.0,21453000.0
2018,2.3100842550493326,2.135037737132004,5608000000.0,21670000.0
2019,-0.22048388682482312,3.528393582318115,4663000000.0,21803000.0
2020,-4.6245150371271535,6.153945083917376,1076000000.0,21919000.0
2021,4.207476495002595,7.014780712381947,,22156000.0
2022,-7.349193111466562,49.72110211143274,,22181000.0
2023,-2.0289296690343974,16.54117422798318,,22037000.0
2024,4.992416143981089,-0.4293600490697301,,21916000.0
2025,4.953433911404304,-4.763860369609826,,21756000.0
